{
  "stage": "stage9_final_train_and_evaluate",
  "created_at_utc": "2026-07-10T18:42:08.473827+00:00",
  "selected_development_config": "xgb_fixed_v1_reference",
  "selected_calibration_method": "UNCALIBRATED",
  "calibration_improvement_material": false,
  "final_tree_selection": {
    "final_best_iteration": 56,
    "final_best_n_estimators": 57,
    "final_best_score": 0.6901432087350742,
    "stopped_early": true,
    "reached_max_estimators": false,
    "final_inner_fit_count": 733307,
    "final_inner_purged_count": 12,
    "final_inner_early_stop_count": 25908,
    "final_inner_early_stop_start": 1727913600000,
    "final_test_used_for_tree_count_selection": false,
    "learning_curve_logloss": [
      0.6923478917150158,
      0.6921558019434649,
      0.6919817476153318,
      0.6918226494126727,
      0.6916757019278957,
      0.6915472684813738,
      0.691422732172786,
      0.6913178116658302,
      0.6912114525445914,
      0.6911199945408344,
      0.6910055509081258,
      0.690928522998377,
      0.6908513937391063,
      0.6907870907308291,
      0.6907095360810215,
      0.6906478260772472,
      0.6905945187363522,
      0.6905401636277965,
      0.6904950724862619,
      0.6904340119817034,
      0.690381868107002,
      0.690372821303067,
      0.6903547734339627,
      0.6903261840987651,
      0.6902959360459971,
      0.6902837838856217,
      0.6902926761702437,
      0.6902780462736808,
      0.6902553274323401,
      0.6902268285577967,
      0.6901982224625313,
      0.6902077646098682,
      0.690203644621698,
      0.6902052331494387,
      0.6902118471162231,
      0.6901931511029723,
      0.6901814669775561,
      0.6901798812519792,
      0.6901951337120168,
      0.6901787225503841,
      0.6901877053186668,
      0.6901640798347276,
      0.6901636224470703,
      0.6901692059077984,
      0.6901746210500527,
      0.6901708258206929,
      0.6901788374482987,
      0.6901834502330768,
      0.6901797463478121,
      0.6901876146187472,
      0.6901856648281472,
      0.690169265963366,
      0.6901550131947864,
      0.6901580836852245,
      0.6901582472460016,
      0.6901496481532868,
      0.6901432087350742,
      0.6901554571559846,
      0.6901602522240425,
      0.6901627346443067,
      0.6901628414463147,
      0.6901657772695501,
      0.690167305576078,
      0.6901811076449229,
      0.6901874717245026,
      0.6901945760469296,
      0.6901860930265993,
      0.6901817678282507,
      0.6901819695541295,
      0.6901780858449552,
      0.6901851997817025,
      0.6901931948309901,
      0.690198886769733,
      0.6901839336051661,
      0.690186459086266,
      0.690182615357388,
      0.6901821081577048,
      0.6901861363071451,
      0.6901815440267053,
      0.6901879562008928,
      0.6901823869246805,
      0.6901927136801562,
      0.6901899386247368,
      0.6901899249406073,
      0.6901938102349136,
      0.6902048506092304,
      0.690192135779904,
      0.6901955670788275,
      0.6902078223268485,
      0.6902039677252073,
      0.6902066784332394,
      0.6901840721351213,
      0.690182005884481,
      0.6901864995174852,
      0.6901961688802937,
      0.6901861118629831,
      0.6901781427486638,
      0.6901768459254749,
      0.6901753521536592,
      0.6901899827519132,
      0.6901979745929764,
      0.690206039620436,
      0.6902102916461921,
      0.6902082981540315,
      0.6902107253304893,
      0.6902184132196127,
      0.6902238201037664,
      0.6902154500764315,
      0.6902316529519473,
      0.6902291030519921,
      0.6902283247234149,
      0.6902257323642379,
      0.6902134230468806,
      0.6902101663344893,
      0.6901973098946681,
      0.6901987002429466,
      0.6901921500552947,
      0.6901896275535067,
      0.6902077060186497,
      0.6902027279978294,
      0.6901977312084939,
      0.6902021825571238,
      0.6902049990134768,
      0.6902159290968847,
      0.6902157555249291,
      0.6902194911335396,
      0.6902276575507822,
      0.6902253916620822,
      0.690227979103669,
      0.6902251783721016,
      0.6902217271842577,
      0.6902276469356892,
      0.6902324967736242,
      0.6902362617669935,
      0.6902361915760135,
      0.6902547819111126,
      0.6902523617113062,
      0.6902563673076999,
      0.6902598727650345,
      0.6902655264696571,
      0.6902636757969709,
      0.6902653928595928,
      0.6902663957834317,
      0.6902781676225536,
      0.6902753030267306,
      0.6902802776817335,
      0.6902915564033101,
      0.6903022741296417,
      0.6902948804723088,
      0.6902806330032236,
      0.6902661499545331,
      0.6902620230564295,
      0.690257752492221,
      0.6902522146931875,
      0.6902522970579354,
      0.6902512558919238,
      0.690245945325821
    ]
  },
  "final_model": {
    "training_sample_count": 759227,
    "training_role": "DEVELOPMENT",
    "purged_rows_used": false,
    "final_test_rows_used": false,
    "refit_used_early_stopping": false,
    "eval_set_used": false,
    "parameters": {
      "objective": "binary:logistic",
      "booster": "gbtree",
      "tree_method": "hist",
      "device": "cpu",
      "learning_rate": 0.03,
      "max_depth": 4,
      "min_child_weight": 20,
      "gamma": 0.0,
      "subsample": 0.8,
      "colsample_bytree": 0.8,
      "reg_alpha": 0.1,
      "reg_lambda": 10.0,
      "max_bin": 256,
      "scale_pos_weight": 1.0,
      "eval_metric": "logloss",
      "random_state": 42,
      "validate_parameters": true,
      "verbosity": 1,
      "n_estimators": 57,
      "n_jobs": 19
    },
    "model_file": "C:\\ai\\BTCUSDT\\models\\final\\btcusdt_xgboost_direction_v1.json",
    "model_sha256": "ccf4731fb6504a7bd92fb4a335b8cb0664642b0856e4c97943c0e76c70d258f9",
    "boosted_rounds": 57
  },
  "model_reload_verification": {
    "reload_verified": true,
    "sample_role": "DEVELOPMENT",
    "sample_count": 2048,
    "max_abs_prediction_diff": 0.0,
    "sample_dataset_row_id_sha256": "97156ea0493fb37e94541b7c92ab829bd8daa51c93650130094b6c74b25c0f02"
  },
  "calibrator": {
    "method": "UNCALIBRATED",
    "params": {},
    "training_source": "stage7_development_oof_only",
    "training_oof_sample_count": 524748,
    "training_folds": [
      "fold_2020",
      "fold_2021",
      "fold_2022",
      "fold_2023",
      "fold_2024"
    ],
    "oof_time_range": {
      "min_decision_time": 1577836800000,
      "max_decision_time": 1735685700000,
      "min_decision_time_utc": "2020-01-01T00:00:00+00:00",
      "max_decision_time_utc": "2024-12-31T22:55:00+00:00"
    },
    "input_probability_range": [
      0.35180744528770447,
      0.7912328839302063
    ],
    "output_probability_range": [
      0.35180744528770447,
      0.7912328839302063
    ],
    "training_data_hash": "3fd861082280e9cc095ba7ed1d3c6c0abb4a9a1d5783e7d3e896a6709eb65dd6",
    "calibrator_file": "C:\\ai\\BTCUSDT\\models\\final\\btcusdt_probability_calibrator_v1.json",
    "calibrator_file_sha256": "fa25f5d37fb6c02ddf77f96458e5667a82371c3c114bcb194efab12ec543753f"
  },
  "reference_models": {
    "prior": {
      "model_name": "prior_baseline_final",
      "p_up": 0.5096038470707707,
      "predicted_class": 1,
      "threshold": 0.5,
      "training_sample_count": 759227,
      "training_role": "DEVELOPMENT",
      "label_distribution": {
        "0": 372322,
        "1": 386905
      },
      "model_file": "C:\\ai\\BTCUSDT\\models\\final\\btcusdt_prior_baseline_v1.json",
      "model_sha256": "546b12bae938da803702e2f40240d7b1dda9ba4755d98b4b9a6817a637482aa3"
    },
    "momentum": {
      "model_name": "momentum_60m_baseline_final",
      "alpha": 1.0,
      "positive_group": {
        "group_count": 387028,
        "up_count": 184300,